seed,P,n_steps,burn_in,sample_every,block_index,n_blocks,frame_start_in_raw,frame_end_in_raw_inclusive,mc_step_start,mc_step_end,mc_step_center,n_frames,n_paired_beads,p_inv,zeta50,w_zeta_gt5,rho_median,rho_mean
912560,256,240000,15000,20,1,8,0,1406,15000,43120,29060.0,1407,360192,0.9250316497867804,17.399497985839844,0.9088041933191187,1.6288232803344727,1.8167411088943481
912560,256,240000,15000,20,2,8,1407,2813,43140,71260,57200.0,1407,360192,0.9240099724591329,17.41819190979004,0.9075298729566453,1.6208009719848633,1.8115348815917969
912560,256,240000,15000,20,3,8,2814,4219,71280,99380,85330.0,1406,359936,0.9267564233641536,17.298141479492188,0.9099117620910384,1.6463663578033447,1.8386667966842651
912560,256,240000,15000,20,4,8,4220,5625,99400,127500,113450.0,1406,359936,0.9244365665007113,17.353532791137695,0.9080808810455192,1.6327476501464844,1.822461485862732
912560,256,240000,15000,20,5,8,5626,7031,127520,155620,141570.0,1406,359936,0.9241920785917497,17.332653045654297,0.9083864909317212,1.6361420154571533,1.828916072845459
912560,256,240000,15000,20,6,8,7032,8437,155640,183740,169690.0,1406,359936,0.9258284806187767,17.24395751953125,0.9103896248221907,1.64896821975708,1.8380907773971558
912560,256,240000,15000,20,7,8,8438,9843,183760,211860,197810.0,1406,359936,0.9233947146159317,17.386871337890625,0.9078086104196301,1.6257665157318115,1.8102715015411377
912560,256,240000,15000,20,8,8,9844,11249,211880,239980,225930.0,1406,359936,0.9249116509601707,17.339561462402344,0.9087560010668563,1.6332249641418457,1.8230416774749756
912560,256,240000,30000,20,1,8,750,2062,30000,56240,43120.0,1313,336128,0.9251207873191165,17.39704132080078,0.9088859006092918,1.6278979778289795,1.818544626235962
912560,256,240000,30000,20,2,8,2063,3375,56260,82500,69380.0,1313,336128,0.9243056216679361,17.382850646972656,0.9082908891850724,1.6304476261138916,1.8198491334915161
912560,256,240000,30000,20,3,8,3376,4688,82520,108760,95640.0,1313,336128,0.924707254379284,17.38140296936035,0.9085675694973343,1.6306544542312622,1.8236780166625977
912560,256,240000,30000,20,4,8,4689,6001,108780,135020,121900.0,1313,336128,0.9249601342345773,17.28434181213379,0.9085348438690023,1.6437103748321533,1.8323389291763306
912560,256,240000,30000,20,5,8,6002,7313,135040,161260,148150.0,1312,335872,0.9253048780487805,17.301738739013672,0.9090873904344512,1.639530062675476,1.8311767578125
912560,256,240000,30000,20,6,8,7314,8625,161280,187500,174390.0,1312,335872,0.9253376286204268,17.276042938232422,0.9100222703887195,1.645898461341858,1.8345947265625
912560,256,240000,30000,20,7,8,8626,9937,187520,213740,200630.0,1312,335872,0.9235899390243902,17.376407623291016,0.9077356850228658,1.6266093254089355,1.8130507469177246
912560,256,240000,30000,20,8,8,9938,11249,213760,239980,226870.0,1312,335872,0.9250875333460366,17.32817840576172,0.9090963224085366,1.6351823806762695,1.8238989114761353
912560,256,240000,60000,20,1,8,2250,3374,60000,82480,71240.0,1125,288000,0.9252604166666667,17.33667755126953,0.9090138888888889,1.6384634971618652,1.8288085460662842
912560,256,240000,60000,20,2,8,3375,4499,82500,104980,93740.0,1125,288000,0.9252916666666666,17.377412796020508,0.9092256944444445,1.633827805519104,1.8259822130203247
912560,256,240000,60000,20,3,8,4500,5624,105000,127480,116240.0,1125,288000,0.9256388888888889,17.265016555786133,0.9085,1.6452209949493408,1.8337312936782837
912560,256,240000,60000,20,4,8,5625,6749,127500,149980,138740.0,1125,288000,0.9243263888888889,17.35592269897461,0.9086458333333334,1.6334792375564575,1.8282947540283203
912560,256,240000,60000,20,5,8,6750,7874,150000,172480,161240.0,1125,288000,0.9260694444444444,17.24982452392578,0.910375,1.6484367847442627,1.8364917039871216
912560,256,240000,60000,20,6,8,7875,8999,172500,194980,183740.0,1125,288000,0.9232118055555556,17.342851638793945,0.9081909722222222,1.6323521137237549,1.8185724020004272
912560,256,240000,60000,20,7,8,9000,10124,195000,217480,206240.0,1125,288000,0.92384375,17.35549545288086,0.9076770833333333,1.6283684968948364,1.8167144060134888
912560,256,240000,60000,20,8,8,10125,11249,217500,239980,228740.0,1125,288000,0.9254340277777777,17.325843811035156,0.9092743055555556,1.636753797531128,1.8251703977584839
912561,256,240000,15000,20,1,8,0,1406,15000,43120,29060.0,1407,360192,0.9250233208955224,17.35565757751465,0.9078269367448472,1.6335837841033936,1.827113389968872
912561,256,240000,15000,20,2,8,1407,2813,43140,71260,57200.0,1407,360192,0.9251538068585643,17.359405517578125,0.9090374022743426,1.6357133388519287,1.8213245868682861
912561,256,240000,15000,20,3,8,2814,4219,71280,99380,85330.0,1406,359936,0.9251144647937412,17.349895477294922,0.9095478084992887,1.63670015335083,1.8258874416351318
912561,256,240000,15000,20,4,8,4220,5625,99400,127500,113450.0,1406,359936,0.9253256134423897,17.26454734802246,0.9088810232930299,1.6429109573364258,1.8320673704147339
912561,256,240000,15000,20,5,8,5626,7031,127520,155620,141570.0,1406,359936,0.924155961059744,17.35770034790039,0.9074307654694168,1.6324265003204346,1.8241703510284424
912561,256,240000,15000,20,6,8,7032,8437,155640,183740,169690.0,1406,359936,0.9248421941678521,17.308610916137695,0.9076446923897582,1.6345874071121216,1.827092170715332
912561,256,240000,15000,20,7,8,8438,9843,183760,211860,197810.0,1406,359936,0.9238225684566145,17.406845092773438,0.9079530805476529,1.6284724473953247,1.8177318572998047
912561,256,240000,15000,20,8,8,9844,11249,211880,239980,225930.0,1406,359936,0.923958703769559,17.40071678161621,0.9074529916429588,1.625239372253418,1.814017415046692
912561,256,240000,30000,20,1,8,750,2062,30000,56240,43120.0,1313,336128,0.9231096487052551,17.39621925354004,0.9075768754760092,1.6254903078079224,1.8122020959854126
912561,256,240000,30000,20,2,8,2063,3375,56260,82500,69380.0,1313,336128,0.926855245620716,17.305721282958984,0.9102276513709063,1.643502116203308,1.8354871273040771
912561,256,240000,30000,20,3,8,3376,4688,82520,108760,95640.0,1313,336128,0.9244751999238385,17.35445213317871,0.9085378189261234,1.6336688995361328,1.8204444646835327
912561,256,240000,30000,20,4,8,4689,6001,108780,135020,121900.0,1313,336128,0.9254837442878904,17.20279312133789,0.9093053836633663,1.6517055034637451,1.8434809446334839
912561,256,240000,30000,20,5,8,6002,7313,135040,161260,148150.0,1312,335872,0.9238221703506098,17.43274688720703,0.9065536871189024,1.6220539808273315,1.8141847848892212
912561,256,240000,30000,20,6,8,7314,8625,161280,187500,174390.0,1312,335872,0.9239382860137195,17.355812072753906,0.9076314786585366,1.6286426782608032,1.8181453943252563
912561,256,240000,30000,20,7,8,8626,9937,187520,213740,200630.0,1312,335872,0.9247362090320121,17.351329803466797,0.9085306307164634,1.6365461349487305,1.826231837272644
912561,256,240000,30000,20,8,8,9938,11249,213760,239980,226870.0,1312,335872,0.9239055354420732,17.42397689819336,0.9072652677210366,1.622436285018921,1.8114914894104004
912561,256,240000,60000,20,1,8,2250,3374,60000,82480,71240.0,1125,288000,0.9267361111111111,17.328208923339844,0.9102222222222223,1.6401492357254028,1.8315763473510742
912561,256,240000,60000,20,2,8,3375,4499,82500,104980,93740.0,1125,288000,0.9239722222222222,17.400833129882812,0.9082534722222222,1.629084587097168,1.8148852586746216
912561,256,240000,60000,20,3,8,4500,5624,105000,127480,116240.0,1125,288000,0.9258263888888889,17.234058380126953,0.9094618055555556,1.6477856636047363,1.837349772453308
912561,256,240000,60000,20,4,8,5625,6749,127500,149980,138740.0,1125,288000,0.9239444444444445,17.314640045166016,0.9076875,1.6381375789642334,1.8311970233917236
912561,256,240000,60000,20,5,8,6750,7874,150000,172480,161240.0,1125,288000,0.9237256944444444,17.375656127929688,0.9063402777777778,1.6255966424942017,1.8193347454071045
912561,256,240000,60000,20,6,8,7875,8999,172500,194980,183740.0,1125,288000,0.92415625,17.500518798828125,0.9083923611111111,1.612970232963562,1.7976573705673218
912561,256,240000,60000,20,7,8,9000,10124,195000,217480,206240.0,1125,288000,0.9250347222222223,17.236223220825195,0.90840625,1.6517333984375,1.843748688697815
912561,256,240000,60000,20,8,8,10125,11249,217500,239980,228740.0,1125,288000,0.9241076388888889,17.41520118713379,0.9072777777777777,1.6224486827850342,1.8120226860046387
912562,256,240000,15000,20,1,8,0,1406,15000,43120,29060.0,1407,360192,0.9264836531627576,17.18234634399414,0.9088763770433547,1.651883602142334,1.8457697629928589
912562,256,240000,15000,20,2,8,1407,2813,43140,71260,57200.0,1407,360192,0.9247540200781805,17.400978088378906,0.9075520833333334,1.628685712814331,1.8202846050262451
912562,256,240000,15000,20,3,8,2814,4219,71280,99380,85330.0,1406,359936,0.9251172430654339,17.275894165039062,0.9086365353840683,1.6439201831817627,1.8349567651748657
912562,256,240000,15000,20,4,8,4220,5625,99400,127500,113450.0,1406,359936,0.9241948568634424,17.268081665039062,0.9073752000355618,1.638984203338623,1.8311500549316406
912562,256,240000,15000,20,5,8,5626,7031,127520,155620,141570.0,1406,359936,0.9239475906827881,17.35249137878418,0.9076085748577525,1.6285616159439087,1.8185762166976929
912562,256,240000,15000,20,6,8,7032,8437,155640,183740,169690.0,1406,359936,0.9259451680298719,17.329200744628906,0.909720061344239,1.638740062713623,1.8296422958374023
912562,256,240000,15000,20,7,8,8438,9843,183760,211860,197810.0,1406,359936,0.9252756045519204,17.219905853271484,0.9091949679943101,1.6474311351776123,1.8415714502334595
912562,256,240000,15000,20,8,8,9844,11249,211880,239980,225930.0,1406,359936,0.9242281961237553,17.426620483398438,0.907603018314367,1.6219117641448975,1.8131296634674072
912562,256,240000,30000,20,1,8,750,2062,30000,56240,43120.0,1313,336128,0.9266142659939071,17.296897888183594,0.9097754426884996,1.644808292388916,1.8349919319152832
912562,256,240000,30000,20,2,8,2063,3375,56260,82500,69380.0,1313,336128,0.924150918697639,17.365543365478516,0.9071246667936025,1.6309019327163696,1.825792908668518
912562,256,240000,30000,20,3,8,3376,4688,82520,108760,95640.0,1313,336128,0.9241360434120335,17.278902053833008,0.9072912699923839,1.6352858543395996,1.827019453048706
912562,256,240000,30000,20,4,8,4689,6001,108780,135020,121900.0,1313,336128,0.925105912033511,17.21352767944336,0.9090078779512567,1.6513142585754395,1.8414274454116821
912562,256,240000,30000,20,5,8,6002,7313,135040,161260,148150.0,1312,335872,0.9235512338033537,17.436439514160156,0.9073664967606707,1.6197402477264404,1.8085390329360962
912562,256,240000,30000,20,6,8,7314,8625,161280,187500,174390.0,1312,335872,0.925682998285061,17.272613525390625,0.909251143292683,1.6425654888153076,1.837412714958191
912562,256,240000,30000,20,7,8,8626,9937,187520,213740,200630.0,1312,335872,0.9257336128048781,17.250425338745117,0.9094774199695121,1.6453683376312256,1.8372716903686523
912562,256,240000,30000,20,8,8,9938,11249,213760,239980,226870.0,1312,335872,0.924218154535061,17.418025970458984,0.9075272722942073,1.6219124794006348,1.8141714334487915
912562,256,240000,60000,20,1,8,2250,3374,60000,82480,71240.0,1125,288000,0.9250069444444444,17.328563690185547,0.9079340277777778,1.6357347965240479,1.8299744129180908
912562,256,240000,60000,20,2,8,3375,4499,82500,104980,93740.0,1125,288000,0.9251736111111111,17.231212615966797,0.9082222222222223,1.6443085670471191,1.835702657699585
912562,256,240000,60000,20,3,8,4500,5624,105000,127480,116240.0,1125,288000,0.92378125,17.298309326171875,0.9073958333333333,1.63701593875885,1.829287052154541
912562,256,240000,60000,20,4,8,5625,6749,127500,149980,138740.0,1125,288000,0.9232569444444444,17.380104064941406,0.9074861111111111,1.6261272430419922,1.8147512674331665
912562,256,240000,60000,20,5,8,6750,7874,150000,172480,161240.0,1125,288000,0.9264895833333333,17.283403396606445,0.9099583333333333,1.6449098587036133,1.8351733684539795
912562,256,240000,60000,20,6,8,7875,8999,172500,194980,183740.0,1125,288000,0.9251215277777778,17.246912002563477,0.9081319444444444,1.6392147541046143,1.8393869400024414
912562,256,240000,60000,20,7,8,9000,10124,195000,217480,206240.0,1125,288000,0.9249861111111111,17.327619552612305,0.9095555555555556,1.6383373737335205,1.8258554935455322
912562,256,240000,60000,20,8,8,10125,11249,217500,239980,228740.0,1125,288000,0.9243888888888889,17.421077728271484,0.9075173611111111,1.6221566200256348,1.813567042350769
912563,256,240000,15000,20,1,8,0,1406,15000,43120,29060.0,1407,360192,0.9270666755508173,17.293655395507812,0.9097703447050463,1.6440248489379883,1.83578360080719
912563,256,240000,15000,20,2,8,1407,2813,43140,71260,57200.0,1407,360192,0.9269528473702914,17.246950149536133,0.9099174884506042,1.6501801013946533,1.8409063816070557
912563,256,240000,15000,20,3,8,2814,4219,71280,99380,85330.0,1406,359936,0.9249977773826458,17.253814697265625,0.909153293918919,1.6464931964874268,1.8412705659866333
912563,256,240000,15000,20,4,8,4220,5625,99400,127500,113450.0,1406,359936,0.9274759957325747,17.189836502075195,0.9096950568990043,1.6573965549468994,1.8531992435455322
912563,256,240000,15000,20,5,8,5626,7031,127520,155620,141570.0,1406,359936,0.9264591482930299,17.277647018432617,0.9093172119487909,1.6462562084197998,1.84019136428833
912563,256,240000,15000,20,6,8,7032,8437,155640,183740,169690.0,1406,359936,0.9249561033072546,17.312641143798828,0.9080864375889047,1.634434700012207,1.831344723701477
912563,256,240000,15000,20,7,8,8438,9843,183760,211860,197810.0,1406,359936,0.9282872510668563,17.234291076660156,0.9101923675320057,1.654134750366211,1.845085620880127
912563,256,240000,15000,20,8,8,9844,11249,211880,239980,225930.0,1406,359936,0.9249894425675675,17.30514907836914,0.9083948257467994,1.638611078262329,1.8315436840057373
912563,256,240000,30000,20,1,8,750,2062,30000,56240,43120.0,1313,336128,0.9272568783320639,17.236778259277344,0.9100074971439451,1.650996208190918,1.8409883975982666
912563,256,240000,30000,20,2,8,2063,3375,56260,82500,69380.0,1313,336128,0.9260073543412034,17.22022247314453,0.9093351342345773,1.6507368087768555,1.8454523086547852
912563,256,240000,30000,20,3,8,3376,4688,82520,108760,95640.0,1313,336128,0.9269950733054074,17.250486373901367,0.9098051932597105,1.650011658668518,1.846509337425232
912563,256,240000,30000,20,4,8,4689,6001,108780,135020,121900.0,1313,336128,0.9276971867859863,17.148483276367188,0.9104299552551409,1.663248062133789,1.8583686351776123
912563,256,240000,30000,20,5,8,6002,7313,135040,161260,148150.0,1312,335872,0.9250577600990854,17.34375,0.9086616330030488,1.6350407600402832,1.8266960382461548
912563,256,240000,30000,20,6,8,7314,8625,161280,187500,174390.0,1312,335872,0.9250577600990854,17.31305503845215,0.9078160727896342,1.6336768865585327,1.8297547101974487
912563,256,240000,30000,20,7,8,8626,9937,187520,213740,200630.0,1312,335872,0.9279606516768293,17.274776458740234,0.9101413633765244,1.6503084897994995,1.8415322303771973
912563,256,240000,30000,20,8,8,9938,11249,213760,239980,226870.0,1312,335872,0.9252959460746951,17.267032623291016,0.9084353563262195,1.6435134410858154,1.8369837999343872
912563,256,240000,60000,20,1,8,2250,3374,60000,82480,71240.0,1125,288000,0.9253819444444444,17.240129470825195,0.9090034722222222,1.6480200290679932,1.8435273170471191
912563,256,240000,60000,20,2,8,3375,4499,82500,104980,93740.0,1125,288000,0.9266076388888889,17.276735305786133,0.9099027777777777,1.6472954750061035,1.841481328010559
912563,256,240000,60000,20,3,8,4500,5624,105000,127480,116240.0,1125,288000,0.9269305555555556,17.17531967163086,0.90959375,1.658007025718689,1.8529627323150635
912563,256,240000,60000,20,4,8,5625,6749,127500,149980,138740.0,1125,288000,0.9268993055555556,17.238672256469727,0.9101215277777778,1.6538105010986328,1.8485208749771118
912563,256,240000,60000,20,5,8,6750,7874,150000,172480,161240.0,1125,288000,0.9257638888888889,17.34670639038086,0.9082708333333334,1.6313896179199219,1.8237217664718628
912563,256,240000,60000,20,6,8,7875,8999,172500,194980,183740.0,1125,288000,0.9270555555555555,17.19002342224121,0.9086770833333333,1.6511249542236328,1.8508353233337402
912563,256,240000,60000,20,7,8,9000,10124,195000,217480,206240.0,1125,288000,0.9266354166666667,17.301376342773438,0.9098680555555556,1.645786166191101,1.8349162340164185
912563,256,240000,60000,20,8,8,10125,11249,217500,239980,228740.0,1125,288000,0.9245138888888889,17.331674575805664,0.9080625,1.635042428970337,1.8272579908370972
